{
  "黄河": {
    "centrality": 0.5436241610738255
  },
  "城关区": {
    "centrality": 0.4832214765100671
  },
  "白塔山": {
    "centrality": 0.3422818791946309
  },
  "水墨丹霞": {
    "centrality": 0.3422818791946309
  },
  "中山桥": {
    "centrality": 0.3221476510067114
  },
  "五泉山": {
    "centrality": 0.2818791946308725
  },
  "兰山": {
    "centrality": 0.2751677852348993
  },
  "老街": {
    "centrality": 0.2483221476510067
  },
  "西站": {
    "centrality": 0.2416107382550335
  },
  "甘肃省博物馆": {
    "centrality": 0.2348993288590604
  },
  "小西湖": {
    "centrality": 0.2214765100671141
  },
  "安宁区": {
    "centrality": 0.2147651006711409
  },
  "正宁路": {
    "centrality": 0.2147651006711409
  },
  "黄河楼": {
    "centrality": 0.2147651006711409
  },
  "兰州中心": {
    "centrality": 0.2147651006711409
  },
  "新区": {
    "centrality": 0.2013422818791946
  },
  "七里河": {
    "centrality": 0.1946308724832215
  },
  "张掖路": {
    "centrality": 0.1946308724832215
  },
  "敦煌艺术馆": {
    "centrality": 0.1946308724832215
  },
  "读者": {
    "centrality": 0.1879194630872483
  },
  "三台阁": {
    "centrality": 0.1812080536912752
  },
  "南关": {
    "centrality": 0.1812080536912752
  },
  "兰州大学": {
    "centrality": 0.1812080536912752
  },
  "大众巷": {
    "centrality": 0.174496644295302
  },
  "水车园": {
    "centrality": 0.174496644295302
  },
  "读者博物馆": {
    "centrality": 0.174496644295302
  },
  "永登县": {
    "centrality": 0.1677852348993289
  },
  "西固区": {
    "centrality": 0.1610738255033557
  },
  "白塔寺": {
    "centrality": 0.1610738255033557
  },
  "万象城": {
    "centrality": 0.1610738255033557
  },
  "什川": {
    "centrality": 0.1543624161073825
  },
  "仁寿山": {
    "centrality": 0.1543624161073825
  },
  "骆驼巷": {
    "centrality": 0.1543624161073825
  },
  "南山": {
    "centrality": 0.1476510067114094
  },
  "兴隆山": {
    "centrality": 0.1409395973154362
  },
  "兰州站": {
    "centrality": 0.1409395973154362
  },
  "皋兰山": {
    "centrality": 0.1409395973154362
  },
  "榆中县": {
    "centrality": 0.1342281879194631
  },
  "滨河路": {
    "centrality": 0.1342281879194631
  },
  "石佛沟": {
    "centrality": 0.1342281879194631
  },
  "简牍博物馆": {
    "centrality": 0.1275167785234899
  },
  "中川": {
    "centrality": 0.1208053691275168
  },
  "雁滩公园": {
    "centrality": 0.1140939597315436
  },
  "兰州市博物馆": {
    "centrality": 0.1140939597315436
  },
  "东方红广场": {
    "centrality": 0.1006711409395973
  },
  "南滨河": {
    "centrality": 0.1006711409395973
  },
  "红古区": {
    "centrality": 0.09395973154362416
  },
  "中川机场": {
    "centrality": 0.09395973154362416
  },
  "马安军": {
    "centrality": 0.09395973154362416
  },
  "吐鲁沟": {
    "centrality": 0.09395973154362416
  },
  "白云观": {
    "centrality": 0.087248322147651
  },
  "金城公园": {
    "centrality": 0.087248322147651
  },
  "八盘峡": {
    "centrality": 0.087248322147651
  },
  "晴望川": {
    "centrality": 0.087248322147651
  },
  "皋兰": {
    "centrality": 0.08053691275167785
  },
  "银滩": {
    "centrality": 0.08053691275167785
  },
  "兰州植物园": {
    "centrality": 0.08053691275167785
  },
  "阿西娅": {
    "centrality": 0.08053691275167785
  },
  "兰州野生动物园": {
    "centrality": 0.08053691275167785
  },
  "吾悦广场": {
    "centrality": 0.08053691275167785
  },
  "感恩寺": {
    "centrality": 0.08053691275167785
  },
  "沿川湖": {
    "centrality": 0.08053691275167785
  },
  "金天观": {
    "centrality": 0.0738255033557047
  },
  "官滩沟": {
    "centrality": 0.0738255033557047
  },
  "妙因寺": {
    "centrality": 0.0738255033557047
  },
  "文化宫": {
    "centrality": 0.0738255033557047
  },
  "猪驮山": {
    "centrality": 0.0738255033557047
  },
  "雁滩": {
    "centrality": 0.06711409395973154
  },
  "秦王川": {
    "centrality": 0.06711409395973154
  },
  "九州": {
    "centrality": 0.06711409395973154
  },
  "抱龙山": {
    "centrality": 0.06711409395973154
  },
  "云顶山": {
    "centrality": 0.06711409395973154
  },
  "青龙山": {
    "centrality": 0.06711409395973154
  },
  "二台阁": {
    "centrality": 0.06040268456375839
  },
  "关山": {
    "centrality": 0.06040268456375839
  },
  "金城关": {
    "centrality": 0.06040268456375839
  },
  "掬月泉": {
    "centrality": 0.06040268456375839
  },
  "白衣寺": {
    "centrality": 0.06040268456375839
  },
  "马滩": {
    "centrality": 0.06040268456375839
  },
  "甘露泉": {
    "centrality": 0.06040268456375839
  },
  "凤棲梧": {
    "centrality": 0.05369127516778523
  },
  "柏树巷": {
    "centrality": 0.05369127516778523
  },
  "伏龙坪": {
    "centrality": 0.05369127516778523
  },
  "酒泉路": {
    "centrality": 0.05369127516778523
  },
  "海石湾": {
    "centrality": 0.05369127516778523
  },
  "东岗": {
    "centrality": 0.05369127516778523
  },
  "安定门": {
    "centrality": 0.05369127516778523
  },
  "千佛阁": {
    "centrality": 0.05369127516778523
  },
  "中山路": {
    "centrality": 0.04697986577181208
  },
  "树屏镇": {
    "centrality": 0.04697986577181208
  },
  "惠泉": {
    "centrality": 0.04697986577181208
  },
  "摸子泉": {
    "centrality": 0.04697986577181208
  },
  "木塔巷": {
    "centrality": 0.04697986577181208
  },
  "西北师范大学": {
    "centrality": 0.04697986577181208
  },
  "尕马子": {
    "centrality": 0.04697986577181208
  },
  "庆阳路": {
    "centrality": 0.04697986577181208
  },
  "湟水": {
    "centrality": 0.04697986577181208
  },
  "徐家山": {
    "centrality": 0.04026845637583892
  },
  "北山": {
    "centrality": 0.04026845637583892
  },
  "中天健": {
    "centrality": 0.04026845637583892
  }
}